[
  {
    "id": 1730616942931,
    "title": [
      "New Task"
    ],
    "description": [
      "Task details"
    ],
    "status": [
      "ongoing"
    ],
    "Image": "/uploads/undefined"
  },
  {
    "id": 1730616998929,
    "title": [
      "New Task"
    ],
    "description": [
      "Task details"
    ],
    "status": [
      "ongoing"
    ],
    "Image": "/uploads/undefined"
  },
  {
    "id": 1730617261683,
    "title": [
      "New Task"
    ],
    "description": [
      "Task details"
    ],
    "status": [
      "ongoing"
    ],
    "Image": "/uploads/undefined"
  },
  {
    "id": 1730617497508,
    "title": [
      "New Task"
    ],
    "description": [
      "Task details"
    ],
    "status": [
      "ongoing"
    ],
    "Image": "/uploads/7ae47e1e1d43f1aae4ef38a00"
  }
]